-- MySQL dump 10.13  Distrib 5.1.49, for debian-linux-gnu (i686)
--
-- Host: localhost    Database: kaarpool
-- ------------------------------------------------------
-- Server version	5.1.49-1ubuntu8.1

/*!40101 SET @OLD_CHARACTER_SET_CLIENT=@@CHARACTER_SET_CLIENT */;
/*!40101 SET @OLD_CHARACTER_SET_RESULTS=@@CHARACTER_SET_RESULTS */;
/*!40101 SET @OLD_COLLATION_CONNECTION=@@COLLATION_CONNECTION */;
/*!40101 SET NAMES utf8 */;
/*!40103 SET @OLD_TIME_ZONE=@@TIME_ZONE */;
/*!40103 SET TIME_ZONE='+00:00' */;
/*!40014 SET @OLD_UNIQUE_CHECKS=@@UNIQUE_CHECKS, UNIQUE_CHECKS=0 */;
/*!40014 SET @OLD_FOREIGN_KEY_CHECKS=@@FOREIGN_KEY_CHECKS, FOREIGN_KEY_CHECKS=0 */;
/*!40101 SET @OLD_SQL_MODE=@@SQL_MODE, SQL_MODE='NO_AUTO_VALUE_ON_ZERO' */;
/*!40111 SET @OLD_SQL_NOTES=@@SQL_NOTES, SQL_NOTES=0 */;

--
-- Table structure for table `account_details`
--

DROP TABLE IF EXISTS `account_details`;
/*!40101 SET @saved_cs_client     = @@character_set_client */;
/*!40101 SET character_set_client = utf8 */;
CREATE TABLE `account_details` (
  `acid` bigint(20) NOT NULL,
  `limit` int(11) DEFAULT NULL,
  PRIMARY KEY (`acid`),
  UNIQUE KEY `acid_UNIQUE` (`acid`)
) ENGINE=InnoDB DEFAULT CHARSET=latin1;
/*!40101 SET character_set_client = @saved_cs_client */;

--
-- Dumping data for table `account_details`
--

LOCK TABLES `account_details` WRITE;
/*!40000 ALTER TABLE `account_details` DISABLE KEYS */;
/*!40000 ALTER TABLE `account_details` ENABLE KEYS */;
UNLOCK TABLES;

--
-- Table structure for table `current_location`
--

DROP TABLE IF EXISTS `current_location`;
/*!40101 SET @saved_cs_client     = @@character_set_client */;
/*!40101 SET character_set_client = utf8 */;
CREATE TABLE `current_location` (
  `clid` bigint(20) NOT NULL AUTO_INCREMENT,
  `latitude` double DEFAULT NULL,
  `longitude` double DEFAULT NULL,
  `time` timestamp NULL DEFAULT NULL,
  `placeid` bigint(20) DEFAULT NULL,
  PRIMARY KEY (`clid`),
  UNIQUE KEY `clid_UNIQUE` (`clid`),
  KEY `placeid` (`placeid`),
  CONSTRAINT `placeid` FOREIGN KEY (`placeid`) REFERENCES `places` (`plid`) ON DELETE NO ACTION ON UPDATE NO ACTION
) ENGINE=InnoDB DEFAULT CHARSET=latin1;
/*!40101 SET character_set_client = @saved_cs_client */;

--
-- Dumping data for table `current_location`
--

LOCK TABLES `current_location` WRITE;
/*!40000 ALTER TABLE `current_location` DISABLE KEYS */;
/*!40000 ALTER TABLE `current_location` ENABLE KEYS */;
UNLOCK TABLES;

--
-- Table structure for table `journey_details`
--

DROP TABLE IF EXISTS `journey_details`;
/*!40101 SET @saved_cs_client     = @@character_set_client */;
/*!40101 SET character_set_client = utf8 */;
CREATE TABLE `journey_details` (
  `jid` bigint(20) NOT NULL AUTO_INCREMENT,
  `jsource` varchar(45) DEFAULT NULL,
  `jdestination` varchar(45) DEFAULT NULL,
  `userid` bigint(20) DEFAULT NULL,
  `locid` bigint(20) DEFAULT NULL,
  `stime` varchar(20) DEFAULT NULL,
  `etime` varchar(20) DEFAULT NULL,
  PRIMARY KEY (`jid`),
  UNIQUE KEY `jid_UNIQUE` (`jid`),
  KEY `locid` (`locid`),
  KEY `userid` (`userid`),
  CONSTRAINT `locid` FOREIGN KEY (`locid`) REFERENCES `location` (`lid`) ON DELETE NO ACTION ON UPDATE NO ACTION,
  CONSTRAINT `userid` FOREIGN KEY (`userid`) REFERENCES `user_details` (`uid`) ON DELETE NO ACTION ON UPDATE NO ACTION
) ENGINE=InnoDB AUTO_INCREMENT=11161600274 DEFAULT CHARSET=latin1;
/*!40101 SET character_set_client = @saved_cs_client */;

--
-- Dumping data for table `journey_details`
--

LOCK TABLES `journey_details` WRITE;
/*!40000 ALTER TABLE `journey_details` DISABLE KEYS */;
INSERT INTO `journey_details` VALUES (11161600001,'a','b',11160000001,NULL,'2011/5/5 11:27 AM',NULL),(11161600002,'a','b',11160000002,NULL,'2011/5/5 11:28 AM',NULL),(11161600003,'a','b',11160000003,NULL,'2011/5/5 11:17 AM',NULL),(11161600004,'a','c',11160000003,NULL,'2011/5/6 6:25 AM',NULL),(11161600005,'a','c',11160000001,NULL,'2011/5/6 6:25 AM',NULL),(11161600006,'a','c',11160000001,NULL,'2011/5/6 6:14 AM',NULL),(11161600007,'a','b',11160000002,NULL,'2011/5/6 9:18 AM',NULL),(11161600008,'a','b',11160000001,NULL,'2011/5/6 9:19 AM',NULL),(11161600009,'a','b',11160000003,NULL,'2011/5/6 9:7 AM',NULL),(11161600010,'a','b',11160000001,NULL,'2011/5/6 9:7 AM',NULL),(11161600011,'f','d',11160000001,NULL,'2011/5/6 9:27 AM',NULL),(11161600012,'f','d',11160000002,NULL,'2011/5/6 9:27 AM',NULL),(11161600013,'f','d',11160000003,NULL,'2011/5/6 9:16 AM',NULL),(11161600014,'g','f',11160000003,NULL,'2011/5/6 9:33 AM',NULL),(11161600015,'g','f',11160000002,NULL,'2011/5/6 9:33 AM',NULL),(11161600016,'g','f',11160000001,NULL,'2011/5/6 9:20 AM',NULL),(11161600017,'d','f',11160000003,NULL,'2011/5/6 9:40 AM',NULL),(11161600018,'d','f',11160000001,NULL,'2011/5/6 9:40 AM',NULL),(11161600019,'d','f',11160000002,NULL,'2011/5/6 9:26 AM',NULL),(11161600020,'c','d',11160000003,NULL,'2011/5/6 9:46 AM',NULL),(11161600021,'c','d',11160000001,NULL,'2011/5/6 9:46 AM',NULL),(11161600022,'c','d',11160000002,NULL,'2011/5/6 9:35 AM',NULL),(11161600023,'aa','cc',11160000003,NULL,'2011/5/6 9:49 AM',NULL),(11161600024,'aa','cc',11160000001,NULL,'2011/5/6 9:49 AM',NULL),(11161600025,'aa','cc',11160000002,NULL,'2011/5/6 9:34 AM',NULL),(11161600026,'aa','cc',11160000001,NULL,'2011/5/6 9:50 AM',NULL),(11161600027,'aa','cc',11160000002,NULL,'2011/5/6 9:35 AM',NULL),(11161600028,'a','n',11160000001,NULL,'2011/5/7 10:0 AM',NULL),(11161600029,'a','n',11160000003,NULL,'2011/5/7 9:40 AM',NULL),(11161600030,'a','n',11160000003,NULL,'2011/5/7 5:1 AM',NULL),(11161600031,'v','b',11160000003,NULL,'2011/5/7 5:4 AM',NULL),(11161600032,'v','b',11160000001,NULL,'2011/5/7 4:0 AM',NULL),(11161600033,'v','b',11160000001,NULL,'2011/5/7 4:4 AM',NULL),(11161600034,'v','b',11160000001,NULL,'2011/5/7 4:40 AM',NULL),(11161600035,'v','b',11160000001,NULL,'2011/5/7 3:55 AM',NULL),(11161600036,'v','b',11160000001,NULL,'2011/5/7 4:2 AM',NULL),(11161600037,'v','b',11160000001,NULL,'2011/5/7 4:3 AM',NULL),(11161600038,'v','b',11160000001,NULL,'2011/5/7 3:7 AM',NULL),(11161600039,'v','b',11160000001,NULL,'2011/5/7 4:7 AM',NULL),(11161600040,'v','b',11160000001,NULL,'2011/5/7 6:51 AM',NULL),(11161600041,'v','b',11160000001,NULL,'2011/5/7 3:51 AM',NULL),(11161600042,'v','b',11160000002,NULL,'2011/5/7 5:40 AM',NULL),(11161600043,'v','b',11160000001,NULL,'2011/5/7 3:8 AM',NULL),(11161600044,'v','b',11160000001,NULL,'2011/5/7 3:9 AM',NULL),(11161600045,'g','h',11160000003,NULL,'2011/5/7 8:29 AM',NULL),(11161600046,'g','h',11160000002,NULL,'2011/5/7 8:29 AM',NULL),(11161600047,'g','h',11160000001,NULL,'2011/5/7 7:30 AM',NULL),(11161600048,'g','h',11160000001,NULL,'2011/5/7 7:34 AM',NULL),(11161600049,'g','h',11160000001,NULL,'2011/5/7 7:38 AM',NULL),(11161600050,'g','h',11160000001,NULL,'2011/5/7 7:43 AM',NULL),(11161600051,'g','h',11160000001,NULL,'2011/5/7 6:53 AM',NULL),(11161600052,'h','k',11160000003,NULL,'2011/5/9 6:10 AM',NULL),(11161600053,'h','k',11160000001,NULL,'2011/5/9 5:11 AM',NULL),(11161600054,'h','k',11160000001,NULL,'2011/5/9 5:17 AM',NULL),(11161600055,'h','k',11160000001,NULL,'2011/5/9 5:22 AM',NULL),(11161600056,'h','k',11160000001,NULL,'2011/5/9 5:24 AM',NULL),(11161600057,'h','k',11160000001,NULL,'2011/5/9 5:32 AM',NULL),(11161600058,'h','k',11160000001,NULL,'2011/5/9 5:37 AM',NULL),(11161600059,'h','k',11160000001,NULL,'2011/5/9 5:42 AM',NULL),(11161600060,'h','k',11160000001,NULL,'2011/5/9 5:59 AM',NULL),(11161600061,'h','k',11160000001,NULL,'2011/5/9 5:6 AM',NULL),(11161600062,'h','k',11160000001,NULL,'2011/5/9 5:12 AM',NULL),(11161600063,'h','k',11160000003,NULL,'2011/5/9 6:13 AM',NULL),(11161600064,'h','k',11160000001,NULL,'2011/5/9 5:13 AM',NULL),(11161600065,'h','k',11160000001,NULL,'2011/5/9 4:24 AM',NULL),(11161600066,'h','k',11160000001,NULL,'2011/5/9 5:25 AM',NULL),(11161600067,'h','k',11160000001,NULL,'2011/5/9 5:31 AM',NULL),(11161600068,'h','k',11160000001,NULL,'2011/5/9 4:35 AM',NULL),(11161600069,'h','k',11160000001,NULL,'2011/5/9 3:40 AM',NULL),(11161600070,'h','k',11160000001,NULL,'2011/5/9 3:43 AM',NULL),(11161600071,'g','h',11160000002,NULL,'2011/5/9 7:46 AM',NULL),(11161600072,'g','h',11160000002,NULL,'2011/5/9 7:45 AM',NULL),(11161600073,'g','h',11160000001,NULL,'2011/5/9 5:47 AM',NULL),(11161600074,'g','h',11160000003,NULL,'2011/5/9 7:51 AM',NULL),(11161600075,'g','h',11160000001,NULL,'2011/5/9 2:51 AM',NULL),(11161600076,'g','j',11160000003,NULL,'2011/5/9 8:51 AM',NULL),(11161600077,'g','j',11160000002,NULL,'2011/5/9 8:51 AM',NULL),(11161600078,'g','j',11160000001,NULL,'2011/5/9 7:52 AM',NULL),(11161600079,'g','j',11160000001,NULL,'2011/5/9 7:7 AM',NULL),(11161600080,'h','k',11160000001,NULL,'2011/5/9 7:20 AM',NULL),(11161600081,'g','j',11160000001,NULL,'2011/5/9 8:20 AM',NULL),(11161600082,'g','j',11160000001,NULL,'2011/5/9 8:25 AM',NULL),(11161600083,'g','j',11160000001,NULL,'2011/5/9 8:29 AM',NULL),(11161600084,'g','j',11160000001,NULL,'2011/5/9 8:33 AM',NULL),(11161600085,'g','j',11160000001,NULL,'2011/5/9 7:44 AM',NULL),(11161600086,'g','j',11160000001,NULL,'2011/5/9 7:5 AM',NULL),(11161600087,'g','j',11160000001,NULL,'2011/5/9 8:11 AM',NULL),(11161600088,'g','j',11160000001,NULL,'2011/5/9 7:15 AM',NULL),(11161600089,'g','j',11160000001,NULL,'2011/5/9 7:22 AM',NULL),(11161600090,'k','l',11160000002,NULL,'2011/5/9 11:40 AM',NULL),(11161600091,'k','l',11160000003,NULL,'2011/5/9 11:40 AM',NULL),(11161600092,'k','l',11160000001,NULL,'2011/5/9 10:39 AM',NULL),(11161600093,'k','l',11160000001,NULL,'2011/5/9 9:46 AM',NULL),(11161600094,'k','l',11160000001,NULL,'2011/5/9 9:53 AM',NULL),(11161600095,'k','l',11160000001,NULL,'2011/5/9 8:57 AM',NULL),(11161600096,'k','l',11160000001,NULL,'2011/5/9 8:2 PM',NULL),(11161600097,'k','l',11160000001,NULL,'2011/5/9 8:4 PM',NULL),(11161600098,'k','l',11160000001,NULL,'2011/5/9 9:22 PM',NULL),(11161600099,'gh','hg',11160000002,NULL,'2011/5/10 6:20 AM',NULL),(11161600100,'gh','hg',11160000003,NULL,'2011/5/10 6:20 AM',NULL),(11161600101,'gh','hg',11160000001,NULL,'2011/5/10 6:5 AM',NULL),(11161600103,'ggg','hhh',11160000002,NULL,'2011/5/11 3:29 AM',NULL),(11161600104,'ggg','hhh',11160000002,NULL,'2011/5/11 4:43 AM',NULL),(11161600105,'iiit','mp',11160000003,NULL,'2011/5/11 7:46 AM',NULL),(11161600106,'ggg','hhh',11160000003,NULL,'2011/5/11 8:47 AM',NULL),(11161600107,'k','l',11160000003,NULL,'2011/5/8 8:48 AM',NULL),(11161600108,'iiit','gbowli',11160000002,NULL,'2011/5/11 8:50 PM',NULL),(11161600109,'iiit','gbowli',11160000003,NULL,'2011/5/11 8:50 AM',NULL),(11161600110,'iiit','gbowli',11160000003,NULL,'2011/5/11 8:36 PM',NULL),(11161600111,'iiit','gbowli',11160000003,NULL,'2011/5/11 9:0 PM',NULL),(11161600112,'iiit','lkpool',11160000003,NULL,'2011/5/11 5:30 PM',NULL),(11161600113,'iiit','lkpool',11160000002,NULL,'2011/5/11 6:30 PM',NULL),(11161600114,'lkpool','iiit',11160000003,NULL,'2011/5/11 6:0 PM',NULL),(11161600115,'lkpool','iiit',11160000002,NULL,'2011/5/11 7:0 PM',NULL),(11161600116,'lkpool','iiit',11160000002,NULL,'2011/5/11 7:45 PM',NULL),(11161600117,'lkpool','iiit',11160000002,NULL,'2011/5/11 7:13 PM',NULL),(11161600118,'hhh','jjj',11160000002,NULL,'2011/5/12 4:50 PM',NULL),(11161600119,'hhh','jjj',11160000003,NULL,'2011/5/12 5:50 PM',NULL),(11161600120,'hhh','jjj',11160000003,NULL,'2011/5/12 5:45 PM',NULL),(11161600121,'hhh','jjj',11160000001,NULL,'2011/5/12 5:43 PM',NULL),(11161600122,'hhh','jjj',11160000001,NULL,'2011/5/12 5:48 PM',NULL),(11161600123,'hhh','jjj',11160000003,NULL,'2011/5/12 5:56 PM',NULL),(11161600124,'hhh','jjj',11160000001,NULL,'2011/5/12 5:11 PM',NULL),(11161600125,'hhh','jjj',11160000003,NULL,'2011/5/12 5:23 PM',NULL),(11161600126,'hhh','jjj',11160000003,NULL,'2011/5/12 5:27 PM',NULL),(11161600127,'hhh','jjj',11160000001,NULL,'2011/5/12 5:27 PM',NULL),(11161600128,'hhh','jjj',11160000001,NULL,'2011/5/12 5:29 PM',NULL),(11161600129,'hhh','jjj',11160000003,NULL,'2011/5/12 5:29 PM',NULL),(11161600130,'hhh','jjj',11160000001,NULL,'2011/5/12 5:32 PM',NULL),(11161600131,'iiit','mp',11160000003,NULL,'2011/5/12 9:56 PM',NULL),(11161600132,'kkk','lll',11160000002,NULL,'2011/5/12 6:0 PM',NULL),(11161600133,'kkl','ll',11160000002,NULL,'2011/5/12 6:4 PM',NULL),(11161600134,'hk','kh',11160000002,NULL,'2011/5/12 6:5 PM',NULL),(11161600135,'hhh','jjj',11160000001,NULL,'2011/5/12 6:11 PM',NULL),(11161600136,'hhh','jjj',11160000003,NULL,'2011/5/12 6:12 PM',NULL),(11161600137,'hhh','jjj',11160000001,NULL,'2011/5/12 6:16 PM',NULL),(11161600138,'hhh','jjj',11160000003,NULL,'2011/5/12 6:19 PM',NULL),(11161600139,'hhh','jjj',11160000003,NULL,'2011/5/12 11:56 PM',NULL),(11161600140,'hhh','jjj',11160000003,NULL,'2011/5/12 11:58 PM',NULL),(11161600141,'hhh','jjj',11160000003,NULL,'2011/5/12 11:59 PM',NULL),(11161600142,'hjjjh','jkhh',11160000002,NULL,'2011/5/12 6:34 AM',NULL),(11161600143,'hhh','jjj',11160000003,NULL,'2011/5/12 6:33 PM',NULL),(11161600144,'klkl','lklk',11160000001,NULL,'2011/5/12 10:25 PM',NULL),(11161600145,'klkl','lklk',11160000003,NULL,'2011/5/12 10:50 PM',NULL),(11161600146,'g','k',11160000002,NULL,'2011/5/12 10:27 PM',NULL),(11161600147,'g','k',11160000001,NULL,'2011/5/12 10:58 PM',NULL),(11161600148,'hj','jh',11160000003,NULL,'2011/5/12 10:37 PM',NULL),(11161600149,'hj','jh',11160000001,NULL,'2011/5/12 10:59 PM',NULL),(11161600150,'ghj','jhg',11160000002,NULL,'2011/5/12 10:50 PM',NULL),(11161600151,'ghj','jhg',11160000003,NULL,'2011/5/12 11:51 PM',NULL),(11161600152,'ghj','jhg',11160000003,NULL,'2011/5/12 0:53 PM',NULL),(11161600153,'ghj','jhg',11160000003,NULL,'2011/5/12 11:53 PM',NULL),(11161600154,'kkkk','llll',11160000001,NULL,'2011/5/12 11:7 PM',NULL),(11161600155,'kkkk','llll',11160000003,NULL,'2011/5/12 11:30 PM',NULL),(11161600156,'kkkk','llll',11160000003,NULL,'2011/5/12 11:24 PM',NULL),(11161600157,'kkkk','llll',11160000003,NULL,'2011/5/12 11:40 PM',NULL),(11161600158,'kkkk','llll',11160000003,NULL,'2011/5/12 11:47 PM',NULL),(11161600159,'kkkk','llll',11160000003,NULL,'2011/5/12 11:54 PM',NULL),(11161600160,'pol','lop',11160000003,NULL,'2011/5/12 11:48 PM',NULL),(11161600161,'pol','lop',11160000001,NULL,'2011/5/12 0:52 PM',NULL),(11161600162,'pol','lop',11160000001,NULL,'2011/5/13 11:25 PM',NULL),(11161600163,'pol','lop',11160000001,NULL,'2011/5/13 1:29 PM',NULL),(11161600164,'pol','lop',11160000001,NULL,'2011/5/13 11:46 PM',NULL),(11161600165,'pol','lop',11160000002,NULL,'2011/5/13 0:4 PM',NULL),(11161600166,'pol','lop',11160000001,NULL,'2011/5/13 0:4 PM',NULL),(11161600167,'fff','ggg',11160000002,NULL,'2011/5/13 5:2 PM',NULL),(11161600168,'fff','ggg',11160000001,NULL,'2011/5/13 5:2 PM',NULL),(11161600169,'fff','ggg',11160000001,NULL,'2011/5/13 4:56 PM',NULL),(11161600170,'fff','ggg',11160000001,NULL,'2011/5/13 5:13 PM',NULL),(11161600171,'fff','ggg',11160000003,NULL,'2011/5/13 5:6 PM',NULL),(11161600172,'fff','ggg',11160000001,NULL,'2011/5/13 5:10 PM',NULL),(11161600173,'sss','ddd',11160000002,NULL,'2011/5/13 10:40 AM',NULL),(11161600174,'sss','ddd',11160000003,NULL,'2011/5/13 10:47 AM',NULL),(11161600175,'sss','ddd',11160000001,NULL,'2011/5/13 10:40 AM',NULL),(11161600176,'sss','ddd',11160000001,NULL,'2011/5/13 10:50 AM',NULL),(11161600177,'sss','ddd',11160000001,NULL,'2011/5/13 10:53 AM',NULL),(11161600178,'sss','ddd',11160000001,NULL,'2011/5/13 10:47 AM',NULL),(11161600179,'sss','ddd',11160000001,NULL,'2011/5/13 10:45 AM',NULL),(11161600180,'sss','ddd',11160000001,NULL,'2011/5/13 5:55 AM',NULL),(11161600181,'sss','ddd',11160000001,NULL,'2011/5/13 6:59 AM',NULL),(11161600182,'sss','ddd',11160000001,NULL,'2011/5/13 8:23 AM',NULL),(11161600183,'sss','ddd',11160000001,NULL,'2011/5/13 9:45 AM',NULL),(11161600184,'sss','ddd',11160000001,NULL,'2011/5/13 9:48 AM',NULL),(11161600185,'sss','ddd',11160000001,NULL,'2011/5/13 9:10 AM',NULL),(11161600186,'sss','ddd',11160000001,NULL,'2011/5/13 9:8 AM',NULL),(11161600187,'lll','ggg',11160000002,NULL,'2011/5/13 9:33 AM',NULL),(11161600188,'lll','ggg',11160000003,NULL,'2011/5/13 9:50 AM',NULL),(11161600189,'lll','kkk',11160000001,NULL,'2011/5/13 9:45 AM',NULL),(11161600190,'lll','ggg',11160000001,NULL,'2011/5/13 9:45 AM',NULL),(11161600191,'d','g',11160000002,NULL,'2011/5/13 9:30 PM',NULL),(11161600192,'d','g',11160000003,NULL,'2011/5/13 9:35 PM',NULL),(11161600193,'d','g',11160000003,NULL,'2011/5/13 9:50 AM',NULL),(11161600194,'d','g',11160000001,NULL,'2011/5/13 9:49 AM',NULL),(11161600195,'d','g',11160000001,NULL,'2011/5/13 9:32 PM',NULL),(11161600196,'d','g',11160000001,NULL,'2011/5/13 9:30 PM',NULL),(11161600197,'iiit','speta',11160000003,NULL,'2011/5/13 10:49 PM',NULL),(11161600198,'iiit','speta',11160000004,NULL,'2011/5/13 10:52 PM',NULL),(11161600199,'iiit','speta',11160000002,NULL,'2011/5/13 10:54 AM',NULL),(11161600200,'iiit','speta',11160000001,NULL,'2011/5/13 10:49 PM',NULL),(11161600201,'ooo','qqq',11160000003,NULL,'2011/5/13 11:5 PM',NULL),(11161600202,'ooo','qqq',11160000004,NULL,'2011/5/13 11:8 PM',NULL),(11161600203,'ooo','qqq',11160000002,NULL,'2011/5/13 11:9 PM',NULL),(11161600204,'ooo','qqq',11160000001,NULL,'2011/5/13 11:5 PM',NULL),(11161600205,'iiit','lkpool',11160000001,NULL,'2011/5/16 4:35 PM',NULL),(11161600206,'iiit','lkpool',11160000002,NULL,'2011/5/16 4:37 PM',NULL),(11161600207,'iiit','lkpool',11160000004,NULL,'2011/5/16 4:38 PM',NULL),(11161600208,'iiit','lkpool',11160000003,NULL,'2011/5/16 4:35 PM',NULL),(11161600209,'hyd','kurnool',11160000001,NULL,'2011/5/17 4:45 PM',NULL),(11161600210,'hyd','kurnool',11160000003,NULL,'2011/5/17 4:47 PM',NULL),(11161600211,'hyd','kurnool',11160000002,NULL,'2011/5/17 4:48 PM',NULL),(11161600212,'hyd','kurnool',11160000004,NULL,'2011/5/17 4:45 PM',NULL),(11161600213,'knl','hyd',11160000001,NULL,'2011/5/17 8:0 AM',NULL),(11161600214,'knl','hyd',11160000003,NULL,'2011/5/17 8:2 AM',NULL),(11161600215,'knl','hyd',11160000002,NULL,'2011/5/17 8:4 AM',NULL),(11161600216,'knl','hyd',11160000004,NULL,'2011/5/17 8:0 AM',NULL),(11161600217,'dhone','kkl',11160000002,NULL,'2011/5/17 8:35 PM',NULL),(11161600218,'dhone','kkl',11160000002,NULL,'2011/5/17 8:36 PM',NULL),(11161600219,'dhone','kkl',11160000001,NULL,'2011/5/17 8:37 PM',NULL),(11161600220,'dhone','kkl',11160000003,NULL,'2011/5/17 8:35 PM',NULL),(11161600221,'dhone','kkl',11160000001,NULL,'2011/5/17 8:35 PM',NULL),(11161600222,'lkpool','iiit',11160000003,NULL,'2011/5/17 8:50 PM',NULL),(11161600223,'lkpool','iiit',11160000004,NULL,'2011/5/17 8:52 PM',NULL),(11161600224,'lkpool','iiit',11160000002,NULL,'2011/5/17 8:53 PM',NULL),(11161600225,'lkpool','iiit',11160000001,NULL,'2011/5/17 8:50 PM',NULL),(11161600226,'lkpool','iiit',11160000001,NULL,'2011/5/17 8:45 PM',NULL),(11161600227,'aaa','bbb',11160000005,NULL,'2011/5/17 3:30 PM',NULL),(11161600228,'aa','bb',11160000005,NULL,'2011/5/17 4:0 PM',NULL),(11161600229,'aa','bb',11160000006,NULL,'2011/5/17 3:50 PM',NULL),(11161600230,'aa','bb',11160000006,NULL,'2011/5/17 4:0 PM',NULL),(11161600231,'aa','bb',11160000006,NULL,'2011/5/17 6:36 PM',NULL),(11161600232,'aa','bb',11160000005,NULL,'2011/5/17 6:36 PM',NULL),(11161600233,'a1','a2',11160000005,NULL,'2011/5/17 7:42 PM',NULL),(11161600234,'a1','a2',11160000006,NULL,'2011/5/17 7:42 PM',NULL),(11161600235,'sss','ddd',11160000004,NULL,'2011/5/17 9:0 PM',NULL),(11161600236,'sss','ddd',11160000003,NULL,'2011/5/17 9:0 PM',NULL),(11161600237,'sss','ddd',11160000002,NULL,'2011/5/17 9:0 PM',NULL),(11161600238,'sss','ddd',11160000001,NULL,'2011/5/17 9:0 PM',NULL),(11161600239,'sss','ddd',11160000005,NULL,'2011/5/17 9:3 PM',NULL),(11161600240,'ss','dd',11160000005,NULL,'2011/5/18 4:40 PM',NULL),(11161600241,'ss','dd',11160000004,NULL,'2011/5/18 4:42 PM',NULL),(11161600242,'ss','dd',11160000001,NULL,'2011/5/18 4:40 PM',NULL),(11161600243,'ss','dd',11160000002,NULL,'2011/5/18 4:40 PM',NULL),(11161600244,'ss','dd',11160000003,NULL,'2011/5/18 4:40 PM',NULL),(11161600245,'ssss','dddd',11160000003,NULL,'2011/5/18 10:30 PM',NULL),(11161600246,'ssss','dddd',11160000001,NULL,'2011/5/18 10:30 PM',NULL),(11161600247,'ssss','dddd',11160000002,NULL,'2011/5/18 10:30 PM',NULL),(11161600248,'ddd','sss',11160000003,NULL,'2011/5/19 6:30 PM',NULL),(11161600249,'ddd','sss',11160000002,NULL,'2011/5/19 6:30 PM',NULL),(11161600250,'sss','ddd',11160000002,NULL,'2011/5/19 6:30 PM',NULL),(11161600252,'ss','dd',11160000005,NULL,'2011/5/23 11:10 AM',NULL),(11161600253,'adf','aaa',11160000006,NULL,'2011/6/4 11:20 AM',NULL),(11161600254,'sd','ds',11160000003,NULL,'2011/6/4 7:0 PM',NULL),(11161600255,'sd','ds',11160000002,NULL,'2011/6/4 7:0 PM',NULL),(11161600256,'mp','iiit',11160000001,NULL,'2011/6/10 6:25 PM',NULL),(11161600257,'mp','iiit',11160000002,NULL,'2011/6/10 6:25 PM',NULL),(11161600258,'mp','iiit',11160000002,NULL,'2011/6/10 6:24 PM',NULL),(11161600259,'mp','iiit',11160000003,NULL,'2011/6/10 6:24 PM',NULL),(11161600260,'mp','iiit',11160000002,NULL,'2011/6/10 6:22 PM',NULL),(11161600261,'mp','iiit',11160000001,NULL,'2011/6/10 6:22 PM',NULL),(11161600262,'mp','iiit',11160000002,NULL,'2011/6/10 6:23 PM',NULL),(11161600263,'a','b',11160000003,NULL,'2011/6/10 6:25 PM',NULL),(11161600264,'a','b',11160000003,NULL,'2011/6/10 6:24 PM',NULL),(11161600265,'a','b',11160000003,NULL,'2011/6/10 6:23 PM',NULL),(11161600266,'a','b',11160000003,NULL,'2011/6/10 6:22 PM',NULL),(11161600267,'a','b',11160000003,NULL,'2011/6/10 6:21 PM',NULL),(11161600268,'a','b',11160000003,NULL,'2011/6/10 6:20 PM',NULL),(11161600269,'a','b',11160000002,NULL,'2011/6/10 6:20 PM',NULL),(11161600270,'a','b',11160000001,NULL,'2011/6/10 6:20 PM',NULL),(11161600271,'a','b',11160000001,NULL,'2011/6/10 6:21 PM',NULL),(11161600272,'a','b',11160000001,NULL,'2011/6/10 6:22 PM',NULL),(11161600273,'a','b',11160000001,NULL,'2011/6/10 6:24 PM',NULL);
/*!40000 ALTER TABLE `journey_details` ENABLE KEYS */;
UNLOCK TABLES;

--
-- Table structure for table `kaarpoolnetwork_details`
--

DROP TABLE IF EXISTS `kaarpoolnetwork_details`;
/*!40101 SET @saved_cs_client     = @@character_set_client */;
/*!40101 SET character_set_client = utf8 */;
CREATE TABLE `kaarpoolnetwork_details` (
  `kid` bigint(20) NOT NULL AUTO_INCREMENT,
  `loginid` varchar(50) NOT NULL,
  `loginpwd` varchar(20) NOT NULL,
  `ksession` tinyint(4) NOT NULL DEFAULT '0',
  PRIMARY KEY (`kid`)
) ENGINE=InnoDB AUTO_INCREMENT=11161000007 DEFAULT CHARSET=latin1;
/*!40101 SET character_set_client = @saved_cs_client */;

--
-- Dumping data for table `kaarpoolnetwork_details`
--

LOCK TABLES `kaarpoolnetwork_details` WRITE;
/*!40000 ALTER TABLE `kaarpoolnetwork_details` DISABLE KEYS */;
INSERT INTO `kaarpoolnetwork_details` VALUES (11161000001,'nani@kaarpool.com','saven',1),(11161000002,'rajesh@kaarpool.com','saven',1),(11161000003,'mahesh@kaarpool.com','saven',1),(11161000004,'ganga@kaarpool.com','saven',1),(11161000005,'bhargav@kaarpool.com','bhargav',1),(11161000006,'sai123@kaarpool.com','sai123',1);
/*!40000 ALTER TABLE `kaarpoolnetwork_details` ENABLE KEYS */;
UNLOCK TABLES;

--
-- Table structure for table `location`
--

DROP TABLE IF EXISTS `location`;
/*!40101 SET @saved_cs_client     = @@character_set_client */;
/*!40101 SET character_set_client = utf8 */;
CREATE TABLE `location` (
  `lid` bigint(20) NOT NULL AUTO_INCREMENT,
  `curlocid` bigint(20) DEFAULT NULL,
  PRIMARY KEY (`lid`),
  UNIQUE KEY `lid_UNIQUE` (`lid`),
  KEY `curlocid` (`curlocid`),
  CONSTRAINT `curlocid` FOREIGN KEY (`curlocid`) REFERENCES `current_location` (`clid`) ON DELETE NO ACTION ON UPDATE NO ACTION
) ENGINE=InnoDB DEFAULT CHARSET=latin1;
/*!40101 SET character_set_client = @saved_cs_client */;

--
-- Dumping data for table `location`
--

LOCK TABLES `location` WRITE;
/*!40000 ALTER TABLE `location` DISABLE KEYS */;
/*!40000 ALTER TABLE `location` ENABLE KEYS */;
UNLOCK TABLES;

--
-- Table structure for table `msg_updates`
--

DROP TABLE IF EXISTS `msg_updates`;
/*!40101 SET @saved_cs_client     = @@character_set_client */;
/*!40101 SET character_set_client = utf8 */;
CREATE TABLE `msg_updates` (
  `muid` bigint(20) NOT NULL AUTO_INCREMENT,
  `rdid` bigint(20) DEFAULT NULL,
  `ridername` varchar(50) NOT NULL,
  `drivername` varchar(50) NOT NULL,
  `messageid` varchar(3) DEFAULT NULL,
  `status` varchar(10) DEFAULT NULL,
  PRIMARY KEY (`muid`),
  UNIQUE KEY `msg_updatescol_UNIQUE` (`muid`),
  KEY `messageid` (`messageid`),
  CONSTRAINT `messageid` FOREIGN KEY (`messageid`) REFERENCES `msgformat` (`mfid`) ON DELETE NO ACTION ON UPDATE NO ACTION
) ENGINE=InnoDB AUTO_INCREMENT=111629000369 DEFAULT CHARSET=latin1;
/*!40101 SET character_set_client = @saved_cs_client */;

--
-- Dumping data for table `msg_updates`
--

LOCK TABLES `msg_updates` WRITE;
/*!40000 ALTER TABLE `msg_updates` DISABLE KEYS */;
INSERT INTO `msg_updates` VALUES (111629000105,11161700030,'nani@kaarpool.com','mahesh@kaarpool.com','r6','stop'),(111629000106,11161700029,'nani@kaarpool.com','rajesh@kaarpool.com','r6','stop'),(111629000107,11161700031,'nani@kaarpool.com','rajesh@kaarpool.com','r6','stop'),(111629000366,11161700092,'rajesh@kaarpool.com','mahesh@kaarpool.com','r3','stop'),(111629000367,11161700092,'nani@kaarpool.com','mahesh@kaarpool.com','r1','running'),(111629000368,11161700097,'rajesh@kaarpool.com','mahesh@kaarpool.com','r3','stop');
/*!40000 ALTER TABLE `msg_updates` ENABLE KEYS */;
UNLOCK TABLES;

--
-- Table structure for table `msgformat`
--

DROP TABLE IF EXISTS `msgformat`;
/*!40101 SET @saved_cs_client     = @@character_set_client */;
/*!40101 SET character_set_client = utf8 */;
CREATE TABLE `msgformat` (
  `mfid` varchar(3) NOT NULL,
  `message` varchar(50) DEFAULT NULL,
  PRIMARY KEY (`mfid`),
  UNIQUE KEY `mfid_UNIQUE` (`mfid`)
) ENGINE=InnoDB DEFAULT CHARSET=latin1;
/*!40101 SET character_set_client = @saved_cs_client */;

--
-- Dumping data for table `msgformat`
--

LOCK TABLES `msgformat` WRITE;
/*!40000 ALTER TABLE `msgformat` DISABLE KEYS */;
INSERT INTO `msgformat` VALUES ('d1','Driver accept'),('d2','Driver reject'),('d3','Driver confirmation'),('d4','Driver confirmation reject'),('d5','Driver pickup request'),('d6','Driver drop request'),('r1','Rider request'),('r2','Rider confirmation'),('r3','Rider confirmation reject'),('r4','Rider pickup confirmation'),('r5','Rider pickup reject'),('r6','Rider drop confirmation'),('r7','Rider rerequest');
/*!40000 ALTER TABLE `msgformat` ENABLE KEYS */;
UNLOCK TABLES;

--
-- Table structure for table `networkdetails`
--

DROP TABLE IF EXISTS `networkdetails`;
/*!40101 SET @saved_cs_client     = @@character_set_client */;
/*!40101 SET character_set_client = utf8 */;
CREATE TABLE `networkdetails` (
  `nid` bigint(20) NOT NULL AUTO_INCREMENT,
  `ndid` bigint(20) NOT NULL,
  PRIMARY KEY (`nid`),
  UNIQUE KEY `nid_UNIQUE` (`nid`),
  UNIQUE KEY `ndid_UNIQUE` (`ndid`)
) ENGINE=InnoDB DEFAULT CHARSET=latin1;
/*!40101 SET character_set_client = @saved_cs_client */;

--
-- Dumping data for table `networkdetails`
--

LOCK TABLES `networkdetails` WRITE;
/*!40000 ALTER TABLE `networkdetails` DISABLE KEYS */;
/*!40000 ALTER TABLE `networkdetails` ENABLE KEYS */;
UNLOCK TABLES;

--
-- Table structure for table `personal_details`
--

DROP TABLE IF EXISTS `personal_details`;
/*!40101 SET @saved_cs_client     = @@character_set_client */;
/*!40101 SET character_set_client = utf8 */;
CREATE TABLE `personal_details` (
  `pid` bigint(20) NOT NULL AUTO_INCREMENT,
  `username` varchar(45) NOT NULL,
  `dob` varchar(10) DEFAULT NULL,
  `mobile` mediumtext,
  `address` varchar(100) DEFAULT NULL,
  `gender` varchar(7) DEFAULT NULL,
  `image` blob,
  PRIMARY KEY (`pid`),
  UNIQUE KEY `pid_UNIQUE` (`pid`)
) ENGINE=InnoDB AUTO_INCREMENT=11162000007 DEFAULT CHARSET=latin1;
/*!40101 SET character_set_client = @saved_cs_client */;

--
-- Dumping data for table `personal_details`
--

LOCK TABLES `personal_details` WRITE;
/*!40000 ALTER TABLE `personal_details` DISABLE KEYS */;
INSERT INTO `personal_details` VALUES (11162000001,'nani@kaarpool.com','05-05-2011','09876543215','hyderabad','Male','/9j/4AAQSkZJRgABAQAAAQABAAD/2wBDAAMCAgMCAgMDAwMEAwMEBQgFBQQEBQoHBwYIDAoMDAsK\nCwsNDhIQDQ4RDgsLEBYQERMUFRUVDA8XGBYUGBIUFRT/2wBDAQMEBAUEBQkFBQkUDQsNFBQUFBQU\nFBQUFBQUFBQUFBQUFBQUFBQUFBQUFBQUFBQUFBQUFBQUFBQUFBQUFBQUFBT/wAARCAAoACgDASIA\nAhEBAxEB/8QAHwAAAQUBAQEBAQEAAAAAAAAAAAECAwQFBgcICQoL/8QAtRAAAgEDAwIEAwUFBAQA\nAAF9AQIDAAQRBRIhMUEGE1FhByJxFDKBkaEII0KxwRVS0fAkM2JyggkKFhcYGRolJicoKSo0NTY3\nODk6Q0RFRkdISUpTVFVWV1hZWmNkZWZnaGlqc3R1dnd4eXqDhIWGh4iJipKTlJWWl5iZmqKjpKWm\np6ipqrKztLW2t7i5usLDxMXGx8jJytLT1NXW19jZ2uHi4+Tl5ufo6erx8vP09fb3+Pn6/8QAHwEA\nAwEBAQEBAQEBAQAAAAAAAAECAwQFBgcICQoL/8QAtREAAgECBAQDBAcFBAQAAQJ3AAECAxEEBSEx\nBhJBUQdhcRMiMoEIFEKRobHBCSMzUvAVYnLRChYkNOEl8RcYGRomJygpKjU2Nzg5OkNERUZHSElK\nU1RVVldYWVpjZGVmZ2hpanN0dXZ3eHl6goOEhYaHiImKkpOUlZaXmJmaoqOkpaanqKmqsrO0tba3\nuLm6wsPExcbHyMnK0tPU1dbX2Nna4uPk5ebn6Onq8vP09fb3+Pn6/9oADAMBAAIRAxEAPwDn9I0r\nzNhx19BXWaZ4f3onyjpS+G9OD7MgH617F8LfAMfijWEtpmMdtEnmylRyVBxtHoTmv0+vXVOLlLZH\n5DhsO6rUY7s8wTw18oO0HueOlZd94f8ALUHGcE19tj4Z+F/sItP7GtzHjG453/8Afed2ffNeEfE3\nwDH4V1c20LtJayJ50LP1C5OVPqQQfzrzsNmEK8+TZnqYjLZ0Ic71Pm7U9J8phkDPNFdfr+nAAnGA\nM/1or24TdjwJQVzU8MbSY/Svevgvqy6Xq7h0f7PdRiJpVQlVYHK5PbuPxFfPvgHZqetaXYyMwS5u\nI4WKnnDMAce/Nfden6fb6ZaQW1pCsFvGu1Y0GABXzuZ1lCPs2r3Pp8poupL2qduUsKenArw74yas\nmparGI45fItkMIlaMqpbOTtJ6+n4V7gvaobuzg1C0ktrmFJ4JVKSRyKCrj0NfPYer7Cana59HiKL\nr03BOx8NeJDn8jRSfERI9K8RarYQkmK2upYV3ckhWIGT+FFffUo88E0fnlR8s2mc58KtR3+OPDSZ\n66jAB/38Wv0R7L9KKK+aznSrH0/Vn0+QtunU9UIvb8aRcYH40UV88fTr+vwPz2+Lmp7fiD4kTONu\noXAHt85ooor9Ow0V7Jei/I/JcRJ+1l6v8z//2Q=='),(11162000002,'rajesh@kaarpool.com','05-05-2011','09876543212','hyderabad','Male','/9j/4AAQSkZJRgABAQAAAQABAAD/2wBDAAMCAgMCAgMDAwMEAwMEBQgFBQQEBQoHBwYIDAoMDAsK\nCwsNDhIQDQ4RDgsLEBYQERMUFRUVDA8XGBYUGBIUFRT/2wBDAQMEBAUEBQkFBQkUDQsNFBQUFBQU\nFBQUFBQUFBQUFBQUFBQUFBQUFBQUFBQUFBQUFBQUFBQUFBQUFBQUFBQUFBT/wAARCAAoACgDASIA\nAhEBAxEB/8QAHwAAAQUBAQEBAQEAAAAAAAAAAAECAwQFBgcICQoL/8QAtRAAAgEDAwIEAwUFBAQA\nAAF9AQIDAAQRBRIhMUEGE1FhByJxFDKBkaEII0KxwRVS0fAkM2JyggkKFhcYGRolJicoKSo0NTY3\nODk6Q0RFRkdISUpTVFVWV1hZWmNkZWZnaGlqc3R1dnd4eXqDhIWGh4iJipKTlJWWl5iZmqKjpKWm\np6ipqrKztLW2t7i5usLDxMXGx8jJytLT1NXW19jZ2uHi4+Tl5ufo6erx8vP09fb3+Pn6/8QAHwEA\nAwEBAQEBAQEBAQAAAAAAAAECAwQFBgcICQoL/8QAtREAAgECBAQDBAcFBAQAAQJ3AAECAxEEBSEx\nBhJBUQdhcRMiMoEIFEKRobHBCSMzUvAVYnLRChYkNOEl8RcYGRomJygpKjU2Nzg5OkNERUZHSElK\nU1RVVldYWVpjZGVmZ2hpanN0dXZ3eHl6goOEhYaHiImKkpOUlZaXmJmaoqOkpaanqKmqsrO0tba3\nuLm6wsPExcbHyMnK0tPU1dbX2Nna4uPk5ebn6Onq8vP09fb3+Pn6/9oADAMBAAIRAxEAPwDn9I0r\nzNhx19BXWaZ4f3onyjpS+G9OD7MgH617F8LfAMfijWEtpmMdtEnmylRyVBxtHoTmv0+vXVOLlLZH\n5DhsO6rUY7s8wTw18oO0HueOlZd94f8ALUHGcE19tj4Z+F/sItP7GtzHjG453/8Afed2ffNeEfE3\nwDH4V1c20LtJayJ50LP1C5OVPqQQfzrzsNmEK8+TZnqYjLZ0Ic71Pm7U9J8phkDPNFdfr+nAAnGA\nM/1or24TdjwJQVzU8MbSY/Svevgvqy6Xq7h0f7PdRiJpVQlVYHK5PbuPxFfPvgHZqetaXYyMwS5u\nI4WKnnDMAce/Nfden6fb6ZaQW1pCsFvGu1Y0GABXzuZ1lCPs2r3Pp8poupL2qduUsKenArw74yas\nmparGI45fItkMIlaMqpbOTtJ6+n4V7gvaobuzg1C0ktrmFJ4JVKSRyKCrj0NfPYer7Cana59HiKL\nr03BOx8NeJDn8jRSfERI9K8RarYQkmK2upYV3ckhWIGT+FFffUo88E0fnlR8s2mc58KtR3+OPDSZ\n66jAB/38Wv0R7L9KKK+aznSrH0/Vn0+QtunU9UIvb8aRcYH40UV88fTr+vwPz2+Lmp7fiD4kTONu\noXAHt85ooor9Ow0V7Jei/I/JcRJ+1l6v8z//2Q=='),(11162000003,'mahesh@kaarpool.com','05-05-2011','09876543212','hyderabad','Male','/9j/4AAQSkZJRgABAQAAAQABAAD/2wBDAAMCAgMCAgMDAwMEAwMEBQgFBQQEBQoHBwYIDAoMDAsK\nCwsNDhIQDQ4RDgsLEBYQERMUFRUVDA8XGBYUGBIUFRT/2wBDAQMEBAUEBQkFBQkUDQsNFBQUFBQU\nFBQUFBQUFBQUFBQUFBQUFBQUFBQUFBQUFBQUFBQUFBQUFBQUFBQUFBQUFBT/wAARCAAoACgDASIA\nAhEBAxEB/8QAHwAAAQUBAQEBAQEAAAAAAAAAAAECAwQFBgcICQoL/8QAtRAAAgEDAwIEAwUFBAQA\nAAF9AQIDAAQRBRIhMUEGE1FhByJxFDKBkaEII0KxwRVS0fAkM2JyggkKFhcYGRolJicoKSo0NTY3\nODk6Q0RFRkdISUpTVFVWV1hZWmNkZWZnaGlqc3R1dnd4eXqDhIWGh4iJipKTlJWWl5iZmqKjpKWm\np6ipqrKztLW2t7i5usLDxMXGx8jJytLT1NXW19jZ2uHi4+Tl5ufo6erx8vP09fb3+Pn6/8QAHwEA\nAwEBAQEBAQEBAQAAAAAAAAECAwQFBgcICQoL/8QAtREAAgECBAQDBAcFBAQAAQJ3AAECAxEEBSEx\nBhJBUQdhcRMiMoEIFEKRobHBCSMzUvAVYnLRChYkNOEl8RcYGRomJygpKjU2Nzg5OkNERUZHSElK\nU1RVVldYWVpjZGVmZ2hpanN0dXZ3eHl6goOEhYaHiImKkpOUlZaXmJmaoqOkpaanqKmqsrO0tba3\nuLm6wsPExcbHyMnK0tPU1dbX2Nna4uPk5ebn6Onq8vP09fb3+Pn6/9oADAMBAAIRAxEAPwDn9I0r\nzNhx19BXWaZ4f3onyjpS+G9OD7MgH617F8LfAMfijWEtpmMdtEnmylRyVBxtHoTmv0+vXVOLlLZH\n5DhsO6rUY7s8wTw18oO0HueOlZd94f8ALUHGcE19tj4Z+F/sItP7GtzHjG453/8Afed2ffNeEfE3\nwDH4V1c20LtJayJ50LP1C5OVPqQQfzrzsNmEK8+TZnqYjLZ0Ic71Pm7U9J8phkDPNFdfr+nAAnGA\nM/1or24TdjwJQVzU8MbSY/Svevgvqy6Xq7h0f7PdRiJpVQlVYHK5PbuPxFfPvgHZqetaXYyMwS5u\nI4WKnnDMAce/Nfden6fb6ZaQW1pCsFvGu1Y0GABXzuZ1lCPs2r3Pp8poupL2qduUsKenArw74yas\nmparGI45fItkMIlaMqpbOTtJ6+n4V7gvaobuzg1C0ktrmFJ4JVKSRyKCrj0NfPYer7Cana59HiKL\nr03BOx8NeJDn8jRSfERI9K8RarYQkmK2upYV3ckhWIGT+FFffUo88E0fnlR8s2mc58KtR3+OPDSZ\n66jAB/38Wv0R7L9KKK+aznSrH0/Vn0+QtunU9UIvb8aRcYH40UV88fTr+vwPz2+Lmp7fiD4kTONu\noXAHt85ooor9Ow0V7Jei/I/JcRJ+1l6v8z//2Q=='),(11162000004,'ganga@kaarpool.com','05-01-2012','09876556789','hyderabad','Male','/9j/4AAQSkZJRgABAQAAAQABAAD/2wBDAAMCAgMCAgMDAwMEAwMEBQgFBQQEBQoHBwYIDAoMDAsK\nCwsNDhIQDQ4RDgsLEBYQERMUFRUVDA8XGBYUGBIUFRT/2wBDAQMEBAUEBQkFBQkUDQsNFBQUFBQU\nFBQUFBQUFBQUFBQUFBQUFBQUFBQUFBQUFBQUFBQUFBQUFBQUFBQUFBQUFBT/wAARCAAoACgDASIA\nAhEBAxEB/8QAHwAAAQUBAQEBAQEAAAAAAAAAAAECAwQFBgcICQoL/8QAtRAAAgEDAwIEAwUFBAQA\nAAF9AQIDAAQRBRIhMUEGE1FhByJxFDKBkaEII0KxwRVS0fAkM2JyggkKFhcYGRolJicoKSo0NTY3\nODk6Q0RFRkdISUpTVFVWV1hZWmNkZWZnaGlqc3R1dnd4eXqDhIWGh4iJipKTlJWWl5iZmqKjpKWm\np6ipqrKztLW2t7i5usLDxMXGx8jJytLT1NXW19jZ2uHi4+Tl5ufo6erx8vP09fb3+Pn6/8QAHwEA\nAwEBAQEBAQEBAQAAAAAAAAECAwQFBgcICQoL/8QAtREAAgECBAQDBAcFBAQAAQJ3AAECAxEEBSEx\nBhJBUQdhcRMiMoEIFEKRobHBCSMzUvAVYnLRChYkNOEl8RcYGRomJygpKjU2Nzg5OkNERUZHSElK\nU1RVVldYWVpjZGVmZ2hpanN0dXZ3eHl6goOEhYaHiImKkpOUlZaXmJmaoqOkpaanqKmqsrO0tba3\nuLm6wsPExcbHyMnK0tPU1dbX2Nna4uPk5ebn6Onq8vP09fb3+Pn6/9oADAMBAAIRAxEAPwDn9I0r\nzNhx19BXWaZ4f3onyjpS+G9OD7MgH617F8LfAMfijWEtpmMdtEnmylRyVBxtHoTmv0+vXVOLlLZH\n5DhsO6rUY7s8wTw18oO0HueOlZd94f8ALUHGcE19tj4Z+F/sItP7GtzHjG453/8Afed2ffNeEfE3\nwDH4V1c20LtJayJ50LP1C5OVPqQQfzrzsNmEK8+TZnqYjLZ0Ic71Pm7U9J8phkDPNFdfr+nAAnGA\nM/1or24TdjwJQVzU8MbSY/Svevgvqy6Xq7h0f7PdRiJpVQlVYHK5PbuPxFfPvgHZqetaXYyMwS5u\nI4WKnnDMAce/Nfden6fb6ZaQW1pCsFvGu1Y0GABXzuZ1lCPs2r3Pp8poupL2qduUsKenArw74yas\nmparGI45fItkMIlaMqpbOTtJ6+n4V7gvaobuzg1C0ktrmFJ4JVKSRyKCrj0NfPYer7Cana59HiKL\nr03BOx8NeJDn8jRSfERI9K8RarYQkmK2upYV3ckhWIGT+FFffUo88E0fnlR8s2mc58KtR3+OPDSZ\n66jAB/38Wv0R7L9KKK+aznSrH0/Vn0+QtunU9UIvb8aRcYH40UV88fTr+vwPz2+Lmp7fiD4kTONu\noXAHt85ooor9Ow0V7Jei/I/JcRJ+1l6v8z//2Q=='),(11162000005,'bhargav@kaarpool.com','05-05-2012','09703392074','IIIT,Hyderabad','Male','/9j/4AAQSkZJRgABAQAAAQABAAD/2wBDAAMCAgMCAgMDAwMEAwMEBQgFBQQEBQoHBwYIDAoMDAsK\nCwsNDhIQDQ4RDgsLEBYQERMUFRUVDA8XGBYUGBIUFRT/2wBDAQMEBAUEBQkFBQkUDQsNFBQUFBQU\nFBQUFBQUFBQUFBQUFBQUFBQUFBQUFBQUFBQUFBQUFBQUFBQUFBQUFBQUFBT/wAARCAAoACgDASIA\nAhEBAxEB/8QAHwAAAQUBAQEBAQEAAAAAAAAAAAECAwQFBgcICQoL/8QAtRAAAgEDAwIEAwUFBAQA\nAAF9AQIDAAQRBRIhMUEGE1FhByJxFDKBkaEII0KxwRVS0fAkM2JyggkKFhcYGRolJicoKSo0NTY3\nODk6Q0RFRkdISUpTVFVWV1hZWmNkZWZnaGlqc3R1dnd4eXqDhIWGh4iJipKTlJWWl5iZmqKjpKWm\np6ipqrKztLW2t7i5usLDxMXGx8jJytLT1NXW19jZ2uHi4+Tl5ufo6erx8vP09fb3+Pn6/8QAHwEA\nAwEBAQEBAQEBAQAAAAAAAAECAwQFBgcICQoL/8QAtREAAgECBAQDBAcFBAQAAQJ3AAECAxEEBSEx\nBhJBUQdhcRMiMoEIFEKRobHBCSMzUvAVYnLRChYkNOEl8RcYGRomJygpKjU2Nzg5OkNERUZHSElK\nU1RVVldYWVpjZGVmZ2hpanN0dXZ3eHl6goOEhYaHiImKkpOUlZaXmJmaoqOkpaanqKmqsrO0tba3\nuLm6wsPExcbHyMnK0tPU1dbX2Nna4uPk5ebn6Onq8vP09fb3+Pn6/9oADAMBAAIRAxEAPwDn9I0r\nzNhx19BXWaZ4f3onyjpS+G9OD7MgH617F8LfAMfijWEtpmMdtEnmylRyVBxtHoTmv0+vXVOLlLZH\n5DhsO6rUY7s8wTw18oO0HueOlZd94f8ALUHGcE19tj4Z+F/sItP7GtzHjG453/8Afed2ffNeEfE3\nwDH4V1c20LtJayJ50LP1C5OVPqQQfzrzsNmEK8+TZnqYjLZ0Ic71Pm7U9J8phkDPNFdfr+nAAnGA\nM/1or24TdjwJQVzU8MbSY/Svevgvqy6Xq7h0f7PdRiJpVQlVYHK5PbuPxFfPvgHZqetaXYyMwS5u\nI4WKnnDMAce/Nfden6fb6ZaQW1pCsFvGu1Y0GABXzuZ1lCPs2r3Pp8poupL2qduUsKenArw74yas\nmparGI45fItkMIlaMqpbOTtJ6+n4V7gvaobuzg1C0ktrmFJ4JVKSRyKCrj0NfPYer7Cana59HiKL\nr03BOx8NeJDn8jRSfERI9K8RarYQkmK2upYV3ckhWIGT+FFffUo88E0fnlR8s2mc58KtR3+OPDSZ\n66jAB/38Wv0R7L9KKK+aznSrH0/Vn0+QtunU9UIvb8aRcYH40UV88fTr+vwPz2+Lmp7fiD4kTONu\noXAHt85ooor9Ow0V7Jei/I/JcRJ+1l6v8z//2Q=='),(11162000006,'sai123@kaarpool.com','05-05-2012','09876543212','iiit','Male','/9j/4AAQSkZJRgABAQAAAQABAAD/2wBDAAMCAgMCAgMDAwMEAwMEBQgFBQQEBQoHBwYIDAoMDAsK\nCwsNDhIQDQ4RDgsLEBYQERMUFRUVDA8XGBYUGBIUFRT/2wBDAQMEBAUEBQkFBQkUDQsNFBQUFBQU\nFBQUFBQUFBQUFBQUFBQUFBQUFBQUFBQUFBQUFBQUFBQUFBQUFBQUFBQUFBT/wAARCAAoACgDASIA\nAhEBAxEB/8QAHwAAAQUBAQEBAQEAAAAAAAAAAAECAwQFBgcICQoL/8QAtRAAAgEDAwIEAwUFBAQA\nAAF9AQIDAAQRBRIhMUEGE1FhByJxFDKBkaEII0KxwRVS0fAkM2JyggkKFhcYGRolJicoKSo0NTY3\nODk6Q0RFRkdISUpTVFVWV1hZWmNkZWZnaGlqc3R1dnd4eXqDhIWGh4iJipKTlJWWl5iZmqKjpKWm\np6ipqrKztLW2t7i5usLDxMXGx8jJytLT1NXW19jZ2uHi4+Tl5ufo6erx8vP09fb3+Pn6/8QAHwEA\nAwEBAQEBAQEBAQAAAAAAAAECAwQFBgcICQoL/8QAtREAAgECBAQDBAcFBAQAAQJ3AAECAxEEBSEx\nBhJBUQdhcRMiMoEIFEKRobHBCSMzUvAVYnLRChYkNOEl8RcYGRomJygpKjU2Nzg5OkNERUZHSElK\nU1RVVldYWVpjZGVmZ2hpanN0dXZ3eHl6goOEhYaHiImKkpOUlZaXmJmaoqOkpaanqKmqsrO0tba3\nuLm6wsPExcbHyMnK0tPU1dbX2Nna4uPk5ebn6Onq8vP09fb3+Pn6/9oADAMBAAIRAxEAPwDn9I0r\nzNhx19BXWaZ4f3onyjpS+G9OD7MgH617F8LfAMfijWEtpmMdtEnmylRyVBxtHoTmv0+vXVOLlLZH\n5DhsO6rUY7s8wTw18oO0HueOlZd94f8ALUHGcE19tj4Z+F/sItP7GtzHjG453/8Afed2ffNeEfE3\nwDH4V1c20LtJayJ50LP1C5OVPqQQfzrzsNmEK8+TZnqYjLZ0Ic71Pm7U9J8phkDPNFdfr+nAAnGA\nM/1or24TdjwJQVzU8MbSY/Svevgvqy6Xq7h0f7PdRiJpVQlVYHK5PbuPxFfPvgHZqetaXYyMwS5u\nI4WKnnDMAce/Nfden6fb6ZaQW1pCsFvGu1Y0GABXzuZ1lCPs2r3Pp8poupL2qduUsKenArw74yas\nmparGI45fItkMIlaMqpbOTtJ6+n4V7gvaobuzg1C0ktrmFJ4JVKSRyKCrj0NfPYer7Cana59HiKL\nr03BOx8NeJDn8jRSfERI9K8RarYQkmK2upYV3ckhWIGT+FFffUo88E0fnlR8s2mc58KtR3+OPDSZ\n66jAB/38Wv0R7L9KKK+aznSrH0/Vn0+QtunU9UIvb8aRcYH40UV88fTr+vwPz2+Lmp7fiD4kTONu\noXAHt85ooor9Ow0V7Jei/I/JcRJ+1l6v8z//2Q==');
/*!40000 ALTER TABLE `personal_details` ENABLE KEYS */;
UNLOCK TABLES;

--
-- Table structure for table `places`
--

DROP TABLE IF EXISTS `places`;
/*!40101 SET @saved_cs_client     = @@character_set_client */;
/*!40101 SET character_set_client = utf8 */;
CREATE TABLE `places` (
  `plid` bigint(20) NOT NULL AUTO_INCREMENT,
  `place` varchar(50) DEFAULT NULL,
  `place_lat` double DEFAULT NULL,
  `place_lon` double DEFAULT NULL,
  PRIMARY KEY (`plid`),
  UNIQUE KEY `plid_UNIQUE` (`plid`)
) ENGINE=InnoDB DEFAULT CHARSET=latin1;
/*!40101 SET character_set_client = @saved_cs_client */;

--
-- Dumping data for table `places`
--

LOCK TABLES `places` WRITE;
/*!40000 ALTER TABLE `places` DISABLE KEYS */;
/*!40000 ALTER TABLE `places` ENABLE KEYS */;
UNLOCK TABLES;

--
-- Table structure for table `preferences`
--

DROP TABLE IF EXISTS `preferences`;
/*!40101 SET @saved_cs_client     = @@character_set_client */;
/*!40101 SET character_set_client = utf8 */;
CREATE TABLE `preferences` (
  `prefid` bigint(20) NOT NULL AUTO_INCREMENT,
  `tbdid` bigint(20) DEFAULT NULL,
  `travelid` bigint(20) DEFAULT NULL,
  PRIMARY KEY (`prefid`),
  UNIQUE KEY `prefid_UNIQUE` (`prefid`),
  KEY `tbdid` (`tbdid`),
  KEY `travelid` (`travelid`),
  CONSTRAINT `tbdid` FOREIGN KEY (`tbdid`) REFERENCES `timebased_defaultloc` (`tbid`) ON DELETE NO ACTION ON UPDATE NO ACTION,
  CONSTRAINT `travelid` FOREIGN KEY (`travelid`) REFERENCES `ridepreferences` (`trid`) ON DELETE NO ACTION ON UPDATE NO ACTION
) ENGINE=InnoDB AUTO_INCREMENT=3 DEFAULT CHARSET=latin1;
/*!40101 SET character_set_client = @saved_cs_client */;

--
-- Dumping data for table `preferences`
--

LOCK TABLES `preferences` WRITE;
/*!40000 ALTER TABLE `preferences` DISABLE KEYS */;
INSERT INTO `preferences` VALUES (1,1,NULL),(2,2,NULL);
/*!40000 ALTER TABLE `preferences` ENABLE KEYS */;
UNLOCK TABLES;

--
-- Table structure for table `ride`
--

DROP TABLE IF EXISTS `ride`;
/*!40101 SET @saved_cs_client     = @@character_set_client */;
/*!40101 SET character_set_client = utf8 */;
CREATE TABLE `ride` (
  `rid` bigint(20) NOT NULL AUTO_INCREMENT,
  `jdid` bigint(20) DEFAULT NULL,
  `seats` int(11) DEFAULT NULL,
  `routename` varchar(30) DEFAULT NULL,
  PRIMARY KEY (`rid`),
  KEY `jdid` (`jdid`),
  CONSTRAINT `jdid` FOREIGN KEY (`jdid`) REFERENCES `journey_details` (`jid`) ON DELETE NO ACTION ON UPDATE NO ACTION
) ENGINE=InnoDB AUTO_INCREMENT=11161700103 DEFAULT CHARSET=latin1;
/*!40101 SET character_set_client = @saved_cs_client */;

--
-- Dumping data for table `ride`
--

LOCK TABLES `ride` WRITE;
/*!40000 ALTER TABLE `ride` DISABLE KEYS */;
INSERT INTO `ride` VALUES (11161700001,11161600001,4,'Route'),(11161700002,11161600002,4,'Route'),(11161700003,11161600003,4,'Route'),(11161700004,11161600004,4,'zzzz'),(11161700005,11161600007,4,'r'),(11161700006,11161600008,4,'x'),(11161700007,11161600011,4,'x'),(11161700008,11161600012,5,'r'),(11161700009,11161600014,4,'z'),(11161700010,11161600015,5,'c'),(11161700011,11161600017,4,'z'),(11161700012,11161600018,4,'d'),(11161700013,11161600020,4,'t'),(11161700014,11161600021,4,'g'),(11161700015,11161600023,4,'s'),(11161700016,11161600026,4,'c'),(11161700017,11161600028,4,'x'),(11161700018,11161600031,4,'x'),(11161700019,11161600042,5,'d'),(11161700020,11161600045,5,'c'),(11161700021,11161600046,5,'x'),(11161700022,11161600052,4,'c'),(11161700023,11161600063,4,'t'),(11161700024,11161600071,4,'d'),(11161700025,11161600072,4,'z'),(11161700026,11161600074,4,'r'),(11161700027,11161600076,4,'s'),(11161700028,11161600077,5,'c'),(11161700029,11161600090,4,'r'),(11161700030,11161600091,5,'x'),(11161700031,11161600099,6,'b'),(11161700032,11161600100,5,'j'),(11161700034,11161600108,4,'c'),(11161700035,11161600112,4,'c'),(11161700036,11161600114,4,'route'),(11161700037,11161600118,4,'z'),(11161700038,11161600131,5,'ghjk'),(11161700039,11161600132,4,'bv'),(11161700040,11161600133,2,'www'),(11161700041,11161600134,2,'sss'),(11161700042,11161600142,4,'fg'),(11161700043,11161600144,4,'d'),(11161700044,11161600146,4,'f'),(11161700045,11161600148,4,'xc'),(11161700046,11161600150,4,'fgh'),(11161700047,11161600154,4,'vb'),(11161700048,11161600160,4,'c'),(11161700049,11161600167,5,'route'),(11161700050,11161600171,4,'etuor'),(11161700051,11161600173,4,'vvv'),(11161700052,11161600174,4,'ccc'),(11161700053,11161600187,4,'ghj'),(11161700054,11161600188,5,'fgh'),(11161700055,11161600191,4,'c'),(11161700056,11161600192,5,'Route'),(11161700057,11161600193,4,'Route'),(11161700058,11161600197,4,'c'),(11161700059,11161600198,4,'cv'),(11161700060,11161600199,6,'nb'),(11161700061,11161600201,4,'h'),(11161700062,11161600202,4,'j'),(11161700063,11161600203,4,'gd'),(11161700064,11161600205,5,'b'),(11161700065,11161600206,5,'c'),(11161700066,11161600207,4,'e'),(11161700067,11161600209,4,'m'),(11161700068,11161600210,2,'k'),(11161700069,11161600211,3,'c'),(11161700070,11161600213,4,'v'),(11161700071,11161600214,4,'r'),(11161700072,11161600215,4,'m'),(11161700073,11161600217,4,'g'),(11161700074,11161600218,4,'Route'),(11161700075,11161600219,4,'Route'),(11161700076,11161600222,4,'Route'),(11161700077,11161600223,4,'Route'),(11161700078,11161600224,4,'Route'),(11161700079,11161600227,2,'Route'),(11161700080,11161600228,2,'Route'),(11161700081,11161600231,2,'Route'),(11161700082,11161600233,2,'Route'),(11161700083,11161600235,4,'Route'),(11161700084,11161600239,4,'Route'),(11161700085,11161600240,4,'Route'),(11161700086,11161600241,3,'Route'),(11161700087,11161600245,3,'Route'),(11161700088,11161600248,0,'Route'),(11161700090,11161600254,4,'Route'),(11161700091,11161600256,4,'Route'),(11161700092,11161600259,1,'Route'),(11161700093,11161600263,4,'Route'),(11161700094,11161600264,4,'Route'),(11161700095,11161600265,4,'Route'),(11161700096,11161600266,4,'Route'),(11161700097,11161600267,4,'Route'),(11161700098,11161600268,4,'Route'),(11161700099,11161600270,3,'Route'),(11161700100,11161600271,3,'Route'),(11161700101,11161600272,4,'Route'),(11161700102,11161600273,4,'Route');
/*!40000 ALTER TABLE `ride` ENABLE KEYS */;
UNLOCK TABLES;

--
-- Table structure for table `ride_members`
--

DROP TABLE IF EXISTS `ride_members`;
/*!40101 SET @saved_cs_client     = @@character_set_client */;
/*!40101 SET character_set_client = utf8 */;
CREATE TABLE `ride_members` (
  `rideid` bigint(20) DEFAULT NULL,
  `usrid` bigint(20) DEFAULT NULL,
  `role` varchar(50) DEFAULT NULL
) ENGINE=InnoDB DEFAULT CHARSET=latin1;
/*!40101 SET character_set_client = @saved_cs_client */;

--
-- Dumping data for table `ride_members`
--

LOCK TABLES `ride_members` WRITE;
/*!40000 ALTER TABLE `ride_members` DISABLE KEYS */;
INSERT INTO `ride_members` VALUES (11161700001,11160000001,'driver'),(11161700002,11160000002,'driver'),(11161700003,11160000003,'driver'),(11161700004,11160000003,'driver'),(11161700005,11160000002,'driver'),(11161700006,11160000001,'driver'),(11161700007,11160000001,'driver'),(11161700008,11160000002,'driver'),(11161700009,11160000003,'driver'),(11161700010,11160000002,'driver'),(11161700011,11160000003,'driver'),(11161700012,11160000001,'driver'),(11161700013,11160000003,'driver'),(11161700014,11160000001,'driver'),(11161700015,11160000003,'driver'),(11161700015,11160000001,'driver'),(11161700016,11160000001,'driver'),(11161700017,11160000001,'driver'),(11161700018,11160000003,'driver'),(11161700019,11160000002,'driver'),(11161700020,11160000003,'driver'),(11161700021,11160000002,'driver'),(11161700022,11160000003,'driver'),(11161700023,11160000003,'driver'),(11161700024,11160000002,'driver'),(11161700025,11160000002,'driver'),(11161700026,11160000003,'driver'),(11161700029,11160000002,'driver'),(11161700030,11160000003,'driver'),(11161700030,11160000001,'rider'),(11161700029,11160000001,'rider'),(11161700031,11160000002,'driver'),(11161700032,11160000003,'driver'),(111629000108,11160000001,'rider'),(11161700031,11160000001,'rider'),(11161700033,11160000003,'driver'),(11161700034,11160000002,'driver'),(11161700035,11160000003,'driver'),(11161700036,11160000003,'driver'),(11161700037,11160000002,'driver'),(11161700038,11160000003,'driver'),(11161700039,11160000002,'driver'),(11161700040,11160000002,'driver'),(11161700041,11160000002,'driver'),(11161700042,11160000002,'driver'),(11161700043,11160000001,'driver'),(11161700044,11160000002,'driver'),(11161700045,11160000003,'driver'),(11161700046,11160000002,'driver'),(11161700047,11160000001,'driver'),(11161700048,11160000003,'driver'),(11161700049,11160000002,'driver'),(11161700050,11160000003,'driver'),(11161700051,11160000002,'driver'),(11161700052,11160000003,'driver'),(11161700053,11160000002,'driver'),(11161700054,11160000003,'driver'),(11161700055,11160000002,'driver'),(11161700056,11160000003,'driver'),(11161700057,11160000003,'driver'),(11161700058,11160000003,'driver'),(11161700059,11160000004,'driver'),(11161700060,11160000002,'driver'),(11161700061,11160000003,'driver'),(11161700062,11160000004,'driver'),(11161700063,11160000002,'driver'),(11161700064,11160000001,'driver'),(11161700065,11160000002,'driver'),(11161700066,11160000004,'driver'),(11161700067,11160000001,'driver'),(11161700068,11160000003,'driver'),(11161700069,11160000002,'driver'),(11161700070,11160000001,'driver'),(11161700071,11160000003,'driver'),(11161700072,11160000002,'driver'),(11161700073,11160000002,'driver'),(11161700074,11160000002,'driver'),(11161700075,11160000001,'driver'),(11161700076,11160000003,'driver'),(11161700077,11160000004,'driver'),(11161700078,11160000002,'driver'),(11161700079,11160000005,'driver'),(11161700080,11160000005,'driver'),(11161700081,11160000006,'driver'),(11161700082,11160000005,'driver'),(11161700083,11160000004,'driver'),(11161700084,11160000005,'driver'),(11161700085,11160000005,'driver'),(11161700086,11160000004,'driver'),(11161700087,11160000003,'driver'),(11161700088,11160000003,'driver'),(11161700089,11160000001,'driver'),(11161700090,11160000003,'driver'),(11161700091,11160000001,'driver'),(11161700092,11160000003,'driver'),(11161700093,11160000003,'driver'),(11161700094,11160000003,'driver'),(11161700095,11160000003,'driver'),(11161700096,11160000003,'driver'),(11161700097,11160000003,'driver'),(11161700098,11160000003,'driver'),(11161700099,11160000001,'driver'),(11161700100,11160000001,'driver'),(11161700101,11160000001,'driver'),(11161700102,11160000001,'driver');
/*!40000 ALTER TABLE `ride_members` ENABLE KEYS */;
UNLOCK TABLES;

--
-- Table structure for table `ridepreferences`
--

DROP TABLE IF EXISTS `ridepreferences`;
/*!40101 SET @saved_cs_client     = @@character_set_client */;
/*!40101 SET character_set_client = utf8 */;
CREATE TABLE `ridepreferences` (
  `trid` bigint(20) NOT NULL AUTO_INCREMENT,
  `ladies` varchar(1) DEFAULT NULL,
  `gents` varchar(1) DEFAULT NULL,
  `music` varchar(1) DEFAULT NULL,
  `smoke` varchar(1) DEFAULT NULL,
  `children` varchar(1) DEFAULT NULL,
  `handicap` varchar(1) DEFAULT NULL,
  `seatavail` varchar(11) DEFAULT NULL,
  `carimg` blob,
  PRIMARY KEY (`trid`),
  UNIQUE KEY `trid_UNIQUE` (`trid`)
) ENGINE=InnoDB DEFAULT CHARSET=latin1;
/*!40101 SET character_set_client = @saved_cs_client */;

--
-- Dumping data for table `ridepreferences`
--

LOCK TABLES `ridepreferences` WRITE;
/*!40000 ALTER TABLE `ridepreferences` DISABLE KEYS */;
/*!40000 ALTER TABLE `ridepreferences` ENABLE KEYS */;
UNLOCK TABLES;

--
-- Table structure for table `socialnetwork_details`
--

DROP TABLE IF EXISTS `socialnetwork_details`;
/*!40101 SET @saved_cs_client     = @@character_set_client */;
/*!40101 SET character_set_client = utf8 */;
CREATE TABLE `socialnetwork_details` (
  `sid` bigint(20) NOT NULL AUTO_INCREMENT,
  `loginid` varchar(50) NOT NULL,
  `loginpwd` varchar(20) NOT NULL,
  `account_type` varchar(10) DEFAULT NULL,
  `session` tinyint(4) NOT NULL DEFAULT '0',
  PRIMARY KEY (`sid`)
) ENGINE=InnoDB DEFAULT CHARSET=latin1;
/*!40101 SET character_set_client = @saved_cs_client */;

--
-- Dumping data for table `socialnetwork_details`
--

LOCK TABLES `socialnetwork_details` WRITE;
/*!40000 ALTER TABLE `socialnetwork_details` DISABLE KEYS */;
/*!40000 ALTER TABLE `socialnetwork_details` ENABLE KEYS */;
UNLOCK TABLES;

--
-- Table structure for table `timebased_defaultloc`
--

DROP TABLE IF EXISTS `timebased_defaultloc`;
/*!40101 SET @saved_cs_client     = @@character_set_client */;
/*!40101 SET character_set_client = utf8 */;
CREATE TABLE `timebased_defaultloc` (
  `tbid` bigint(20) NOT NULL AUTO_INCREMENT,
  `days` varchar(45) DEFAULT NULL,
  `source` varchar(45) DEFAULT NULL,
  `destination` varchar(45) DEFAULT NULL,
  `startime` varchar(45) DEFAULT NULL,
  `location` varchar(45) DEFAULT NULL,
  PRIMARY KEY (`tbid`),
  UNIQUE KEY `tbid_UNIQUE` (`tbid`)
) ENGINE=InnoDB AUTO_INCREMENT=3 DEFAULT CHARSET=latin1;
/*!40101 SET character_set_client = @saved_cs_client */;

--
-- Dumping data for table `timebased_defaultloc`
--

LOCK TABLES `timebased_defaultloc` WRITE;
/*!40000 ALTER TABLE `timebased_defaultloc` DISABLE KEYS */;
INSERT INTO `timebased_defaultloc` VALUES (1,'MT\n','hyd','mp','10:41 AM','Home'),(2,'MT\n','hyd','mp','11:6 AM','Work');
/*!40000 ALTER TABLE `timebased_defaultloc` ENABLE KEYS */;
UNLOCK TABLES;

--
-- Table structure for table `transactions`
--

DROP TABLE IF EXISTS `transactions`;
/*!40101 SET @saved_cs_client     = @@character_set_client */;
/*!40101 SET character_set_client = utf8 */;
CREATE TABLE `transactions` (
  `tid` bigint(20) NOT NULL AUTO_INCREMENT,
  `sender` varchar(50) NOT NULL,
  `receiver` varchar(50) NOT NULL,
  `amount` double DEFAULT NULL,
  `date` timestamp NOT NULL DEFAULT CURRENT_TIMESTAMP ON UPDATE CURRENT_TIMESTAMP,
  PRIMARY KEY (`tid`),
  UNIQUE KEY `Transactions_UNIQUE` (`tid`)
) ENGINE=InnoDB DEFAULT CHARSET=latin1;
/*!40101 SET character_set_client = @saved_cs_client */;

--
-- Dumping data for table `transactions`
--

LOCK TABLES `transactions` WRITE;
/*!40000 ALTER TABLE `transactions` DISABLE KEYS */;
/*!40000 ALTER TABLE `transactions` ENABLE KEYS */;
UNLOCK TABLES;

--
-- Table structure for table `user_details`
--

DROP TABLE IF EXISTS `user_details`;
/*!40101 SET @saved_cs_client     = @@character_set_client */;
/*!40101 SET character_set_client = utf8 */;
CREATE TABLE `user_details` (
  `uid` bigint(20) NOT NULL AUTO_INCREMENT,
  `prdid` bigint(20) DEFAULT NULL,
  `accid` bigint(20) DEFAULT NULL,
  `netid` bigint(20) DEFAULT NULL,
  `modeid` int(11) DEFAULT NULL,
  `preid` bigint(20) DEFAULT NULL,
  PRIMARY KEY (`uid`),
  UNIQUE KEY `uid_UNIQUE` (`uid`),
  KEY `prdid` (`prdid`),
  KEY `accid` (`accid`),
  KEY `mode` (`modeid`),
  KEY `preid` (`preid`),
  CONSTRAINT `accid` FOREIGN KEY (`accid`) REFERENCES `account_details` (`acid`) ON DELETE NO ACTION ON UPDATE NO ACTION,
  CONSTRAINT `mode` FOREIGN KEY (`modeid`) REFERENCES `usermode` (`mid`) ON DELETE NO ACTION ON UPDATE NO ACTION,
  CONSTRAINT `prdid` FOREIGN KEY (`prdid`) REFERENCES `personal_details` (`pid`) ON DELETE NO ACTION ON UPDATE NO ACTION,
  CONSTRAINT `preid` FOREIGN KEY (`preid`) REFERENCES `preferences` (`prefid`) ON DELETE NO ACTION ON UPDATE NO ACTION
) ENGINE=InnoDB AUTO_INCREMENT=11160000007 DEFAULT CHARSET=latin1;
/*!40101 SET character_set_client = @saved_cs_client */;

--
-- Dumping data for table `user_details`
--

LOCK TABLES `user_details` WRITE;
/*!40000 ALTER TABLE `user_details` DISABLE KEYS */;
INSERT INTO `user_details` VALUES (11160000001,11162000001,NULL,11161000001,1,NULL),(11160000002,11162000002,NULL,11161000002,2,1),(11160000003,11162000003,NULL,11161000003,1,2),(11160000004,11162000004,NULL,11161000004,1,NULL),(11160000005,11162000005,NULL,11161000005,2,NULL),(11160000006,11162000006,NULL,11161000006,2,NULL);
/*!40000 ALTER TABLE `user_details` ENABLE KEYS */;
UNLOCK TABLES;

--
-- Table structure for table `usermode`
--

DROP TABLE IF EXISTS `usermode`;
/*!40101 SET @saved_cs_client     = @@character_set_client */;
/*!40101 SET character_set_client = utf8 */;
CREATE TABLE `usermode` (
  `mid` int(11) NOT NULL AUTO_INCREMENT,
  `mode` varchar(10) DEFAULT NULL,
  PRIMARY KEY (`mid`),
  UNIQUE KEY `mid_UNIQUE` (`mid`)
) ENGINE=InnoDB AUTO_INCREMENT=3 DEFAULT CHARSET=latin1;
/*!40101 SET character_set_client = @saved_cs_client */;

--
-- Dumping data for table `usermode`
--

LOCK TABLES `usermode` WRITE;
/*!40000 ALTER TABLE `usermode` DISABLE KEYS */;
INSERT INTO `usermode` VALUES (1,'driver'),(2,'rider');
/*!40000 ALTER TABLE `usermode` ENABLE KEYS */;
UNLOCK TABLES;
/*!40103 SET TIME_ZONE=@OLD_TIME_ZONE */;

/*!40101 SET SQL_MODE=@OLD_SQL_MODE */;
/*!40014 SET FOREIGN_KEY_CHECKS=@OLD_FOREIGN_KEY_CHECKS */;
/*!40014 SET UNIQUE_CHECKS=@OLD_UNIQUE_CHECKS */;
/*!40101 SET CHARACTER_SET_CLIENT=@OLD_CHARACTER_SET_CLIENT */;
/*!40101 SET CHARACTER_SET_RESULTS=@OLD_CHARACTER_SET_RESULTS */;
/*!40101 SET COLLATION_CONNECTION=@OLD_COLLATION_CONNECTION */;
/*!40111 SET SQL_NOTES=@OLD_SQL_NOTES */;

-- Dump completed on 2011-06-10 18:21:50
